UnitID,Institution Name,City,State,Public v. Private Institution,Institution Size,Religious Affiliation,Total price for out-of-state students,Total price for in-state students ,Percent admitted - total ,Percent admitted - men ,Percent admitted - women ,Full-time retention rate,Graduation rate total cohort,Applicants total
108232,Academy of Art University,San Francisco,CA-,3,3,-2,49222,49222,,,,69,38,
188429,Adelphi University,Garden City,NY-,2,3,-2,64325,64325,77,73,80,83,71,16084
100654,Alabama A & M University,Normal,AL-,1,3,-2,32844,24234,72,72,71,58,28,6560
138716,Albany State University,Albany,GA-,1,3,-2,33110,21730,,,,65,24,
449889,American College of Education,Indianapolis,IN-,3,3,-2,,,,,,,,
210809,American College of Financial Services,King of Prussia,PA-,2,3,-2,,,,,,,,
445027,American InterContinental University,Chandler,AZ-,3,4,-2,,,,,,21,12,
449339,American Public University System,Charles Town,WV-,3,5,-2,,,,,,91,49,
131159,American University,Washington,DC-,2,4,71,70512,70512,64,61,66,90,79,19650
483595,Ana G. Mendez University,Orlando,FL-,2,3,-2,,,,,,80,,
222831,Angelo State University,San Angelo,TX-,1,4,-2,32558,22766,70,70,70,69,45,3515
109350,Antelope Valley Community College District,Lancaster,CA-,1,4,-2,,,,,,,29,
197869,Appalachian State University,Boone,NC-,1,5,-2,36406,20799,85,80,88,86,73,21120
126289,Arapahoe Community College,Littleton,CO-,1,4,-2,,,,,,52,29,
104151,Arizona State University Campus Immersion,Tempe,AZ-,1,5,-2,47864,29774,88,86,90,86,66,61603
483124,Arizona State University Digital Immersion,Scottsdale,AZ-,1,5,-2,,,70,67,72,,26,6985
106458,Arkansas State University,Jonesboro,AR-,1,4,-2,28221,22653,63,60,66,75,54,5835
106467,Arkansas Tech University,Russellville,AR-,1,3,-2,27157,21421,94,94,95,63,46,6218
154022,Ashford University,San Diego,CA-,3,5,-2,,,,,,31,9,
454829,Aspen University,Phoenix,AZ-,3,3,-2,,,,,,37,,
100858,Auburn University,Auburn,AL-,1,5,-2,53810,33650,71,69,73,93,81,27619
100830,Auburn University at Montgomery,Montgomery,AL-,1,3,-2,31218,21258,97,96,97,63,36,3405
482149,Augusta University,Augusta,GA-,1,3,-2,40142,24764,73,71,74,70,50,5442
143118,Aurora University,Aurora,IL-,2,3,-2,41682,41682,86,87,86,78,55,3101
222992,Austin Community College District,Austin,TX-,1,5,-2,,,,,,,9,
219602,Austin Peay State University,Clarksville,TN-,1,3,-2,35651,30107,93,92,95,63,42,5053
109785,Azusa Pacific University,Azusa,CA-,2,3,88,55598,55598,94,93,94,79,72,3967
109819,Bakersfield College,Bakersfield,CA-,1,5,-2,,,,,,,21,
150136,Ball State University,Muncie,IN-,1,5,-2,42488,25254,68,63,71,73,68,22947
132471,Barry University,Miami,FL-,2,3,30,49044,49044,64,59,66,55,41,10651
223232,Baylor University,Waco,TX-,2,5,54,68126,68126,57,67,51,88,82,36588
234669,Bellevue College,Bellevue,WA-,1,4,-2,27970,22433,,,,,33,
180814,Bellevue University,Bellevue,NE-,2,4,-2,24750,24750,,,,72,23,
219709,Belmont University,Nashville,TN-,2,3,42,58305,58305,88,85,89,84,68,9614
164739,Bentley University,Waltham,MA-,2,3,-2,75615,75615,61,58,65,91,88,9311
164748,Berklee College of Music,Boston,MA-,2,3,-2,68270,68270,55,60,51,82,67,7266
183804,Beth Medrash Govoha,Lakewood,NJ-,2,3,-2,,,,,,,,
196079,Binghamton University,Vestal,NY-,1,4,-2,45484,29454,44,57,34,91,84,39533
110097,Biola University,La Mirada,CA-,2,3,88,59500,59500,61,55,64,88,70,4354
211158,Bloomsburg University of Pennsylvania,Bloomsburg,PA-,1,3,-2,37934,26110,90,93,88,75,59,6466
142115,Boise State University,Boise,ID-,1,5,-2,44015,27095,83,80,85,76,54,15648
164924,Boston College,Chestnut Hill,MA-,2,4,30,80658,80658,19,23,17,95,91,39846
164988,Boston University,Boston,MA-,2,5,-2,79606,79606,19,23,16,94,89,75778
162007,Bowie State University,Bowie,MD-,1,3,-2,35856,25116,87,81,90,72,42,4978
201441,Bowling Green State University-Main Campus,Bowling Green,OH-,1,4,-2,36951,28963,79,78,79,78,62,18295
143358,Bradley University,Peoria,IL-,2,3,-2,51428,51428,76,74,77,87,76,10109
165015,Brandeis University,Waltham,MA-,2,3,-2,78956,78956,39,36,41,91,88,9796
165024,Bridgewater State University,Bridgewater,MA-,1,3,-2,34804,28664,86,81,90,79,62,8881
230038,Brigham Young University,Provo,UT-,2,5,94,20146,20146,59,54,64,89,77,11608
142522,Brigham Young University-Idaho,Rexburg,ID-,2,5,94,12880,12880,97,96,97,67,50,9963
132709,Broward College,Fort Lauderdale,FL-,1,5,-2,,,,,,,33,
217156,Brown University,Providence,RI-,2,4,-2,82570,82570,6,7,5,98,96,46568
480091,Bryant & Stratton College-Online,Orchard Park,NY-,3,3,-2,,,,,,25,19,
150163,Butler University,Indianapolis,IN-,2,3,-2,62710,62710,81,80,81,87,84,15340
110361,California Baptist University,Riverside,CA-,2,4,75,51914,51914,64,64,64,79,57,9474
110422,California Polytechnic State University-San Luis Obispo,San Luis Obispo,CA-,1,5,-2,47590,29680,33,28,38,95,85,54570
115755,California State Polytechnic University-Humboldt,Arcata,CA-,1,3,-2,36698,24818,91,90,92,74,48,7013
110529,California State Polytechnic University-Pomona,Pomona,CA-,1,5,-2,40067,28187,61,54,68,88,70,41226
110486,California State University-Bakersfield,Bakersfield,CA-,1,4,-2,36757,24877,85,81,88,75,48,12334
441937,California State University-Channel Islands,Camarillo,CA-,1,3,-2,39781,27901,93,92,94,82,58,9244
110538,California State University-Chico,Chico,CA-,1,4,-2,38002,26122,85,81,88,81,65,19990
110547,California State University-Dominguez Hills,Carson,CA-,1,4,-2,37822,25942,90,86,92,70,53,16741
110574,California State University-East Bay,Hayward,CA-,1,4,-2,38540,26660,82,81,83,80,48,14448
110556,California State University-Fresno,Fresno,CA-,1,5,-2,34208,22328,97,96,98,77,57,15231
110565,California State University-Fullerton,Fullerton,CA-,1,5,-2,39895,28015,59,55,63,87,71,45140
110583,California State University-Long Beach,Long Beach,CA-,1,5,-2,36868,24988,47,44,49,87,75,67122
110592,California State University-Los Angeles,Los Angeles,CA-,1,5,-2,39884,28004,91,88,92,73,52,29223
409698,California State University-Monterey Bay,Seaside,CA-,1,3,-2,33348,21468,93,91,94,81,60,10026
110608,California State University-Northridge,Northridge,CA-,1,5,-2,35043,23163,88,85,91,82,54,23656
110617,California State University-Sacramento,Sacramento,CA-,1,5,-2,39966,28086,94,92,95,81,57,22706
110510,California State University-San Bernardino,San Bernardino,CA-,1,4,-2,36694,24814,91,88,93,78,57,13057
366711,California State University-San Marcos,San Marcos,CA-,1,4,-2,36533,24653,93,92,94,79,59,13986
110495,California State University-Stanislaus,Turlock,CA-,1,4,-2,35458,23578,95,92,96,79,58,5740
211361,California University of Pennsylvania,California,PA-,1,3,-2,32144,27526,97,97,97,67,48,3933
198136,Campbell University,Buies Creek,NC-,2,3,54,58800,58800,87,83,90,74,56,4142
156365,Campbellsville University,Campbellsville,KY-,2,4,54,40492,40492,,,,61,36,
413413,Capella University,Minneapolis,MN-,3,5,-2,,,,,,60,50,
211440,Carnegie Mellon University,Pittsburgh,PA-,2,4,-2,77474,77474,14,11,18,97,93,32896
201645,Case Western Reserve University,Cleveland,OH-,2,4,-2,74114,74114,30,29,31,94,84,33232
128771,Central Connecticut State University,New Britain,CT-,1,3,-2,40976,27572,75,76,74,72,55,6285
169248,Central Michigan University,Mount Pleasant,MI-,1,4,-2,26370,26370,77,74,79,77,62,18517
201690,Central State University,Wilberforce,OH-,1,3,-2,22442,20442,59,54,61,41,23,8019
234827,Central Washington University,Ellensburg,WA-,1,4,-2,42973,26445,88,87,90,69,54,10767
454227,Chamberlain University-Illinois,Addison,IL-,3,5,-2,,,93,100,90,78,73,28
111948,Chapman University,Orange,CA-,2,3,61,80096,80096,60,57,62,92,80,15098
201928,Cincinnati State Technical and Community College,Cincinnati,OH-,1,3,-2,,,,,,65,17,
234933,Clark College,Vancouver,WA-,1,3,-2,,,,,,,36,
201973,Clark State College,Springfield,OH-,1,3,-2,,,,,,33,22,
139311,Clayton  State University,Morrow,GA-,1,3,-2,31641,20919,63,62,63,65,35,1843
217882,Clemson University,Clemson,SC-,1,5,-2,57156,34164,49,47,51,94,85,47007
202134,Cleveland State University,Cleveland,OH-,1,4,-2,35142,30179,91,91,92,70,51,11506
218724,Coastal Carolina University,Conway,SC-,1,4,-2,42434,26680,79,76,82,72,51,15481
132851,College of Central Florida,Ocala,FL-,1,3,-2,,,,,,,45,
217819,College of Charleston,Charleston,SC-,1,4,-2,52613,31153,76,69,79,83,67,20484
142559,College of Southern Idaho,Twin Falls,ID-,1,3,-2,18028,15748,,,,,27,
182005,College of Southern Nevada,Las Vegas,NV-,1,5,-2,,,,,,,16,
190558,College of Staten Island CUNY,Staten Island,NY-,1,4,-2,42157,34207,,,,73,34,
247834,Collin County Community College District,McKinney,TX-,1,5,-2,22088,20078,,,,,16,
126669,Colorado Christian University,Lakewood,CO-,2,3,88,48130,48130,,,,82,58,
127556,Colorado Mesa University,Grand Junction,CO-,1,3,-2,38257,24935,80,79,81,72,38,8082
126711,Colorado Mountain College,Glenwood Springs,CO-,1,3,-2,24780,18156,,,,35,27,
126775,Colorado School of Mines,Golden,CO-,1,3,-2,59503,38203,57,53,65,91,83,12022
128106,Colorado State University Pueblo,Pueblo,CO-,1,3,-2,34199,27545,99,99,99,63,39,2054
126818,Colorado State University-Fort Collins,Fort Collins,CO-,1,5,-2,47628,28346,90,88,91,86,69,31586
476975,Colorado State University-Global Campus,Aurora,CO-,1,4,-2,,,96,93,99,35,,126
126827,Colorado Technical University-Colorado Springs,Colorado Springs,CO-,3,5,-2,,,,,,44,23,
234979,Columbia Basin College,Pasco,WA-,1,3,-2,20589,18860,,,,,36,
177065,Columbia College,Columbia,MO-,2,3,61,37364,37364,,,,65,33,
144281,Columbia College Chicago,Chicago,IL-,2,3,-2,48698,48698,96,94,97,62,51,7218
450933,Columbia Southern University,Orange Beach,AL-,3,4,-2,,,,,,40,33,
190150,Columbia University in the City of New York,New York,NY-,2,5,-2,82584,82584,4,5,4,99,97,61110
139366,Columbus State University,Columbus,GA-,1,3,-2,34235,23181,79,76,80,61,43,5275
126942,Community College of Denver,Denver,CO-,1,3,-2,,,,,,,18,
144351,Concordia University-Chicago,River Forest,IL-,2,3,68,47340,47340,88,84,92,57,43,5620
173328,Concordia University-Saint Paul,Saint Paul,MN-,2,3,68,37800,37800,68,63,71,61,53,2485
238616,Concordia University-Wisconsin,Mequon,WI-,2,3,68,48502,48502,69,62,76,80,59,3544
190415,Cornell University,Ithaca,NY-,2,5,-2,80287,80287,9,8,10,97,94,67380
181002,Creighton University,Omaha,NE-,2,3,30,60224,60224,78,78,78,91,79,8147
190512,CUNY Bernard M Baruch College,New York,NY-,1,4,-2,41988,34038,51,42,58,87,74,23434
190549,CUNY Brooklyn College,Brooklyn,NY-,1,4,-2,,,51,44,57,79,56,28544
190567,CUNY City College,New York,NY-,1,4,-2,38909,30959,64,53,73,81,57,31175
190576,CUNY Graduate School and University Center,New York,NY-,1,3,-2,,,,,,,,
190594,CUNY Hunter College,New York,NY-,1,5,-2,32888,24938,46,39,50,82,58,31728
190600,CUNY John Jay College of Criminal Justice,New York,NY-,1,4,-2,,,45,36,51,78,54,18765
190637,CUNY Lehman College,Bronx,NY-,1,4,-2,38992,31042,58,49,64,74,53,20132
190655,CUNY New York City College of Technology,Brooklyn,NY-,1,4,-2,,,82,82,82,63,21,18992
190664,CUNY Queens College,Queens,NY-,1,4,-2,37403,29453,61,55,65,80,55,21777
190691,CUNY York College,Jamaica,NY-,1,3,-2,,,67,62,70,60,33,13852
113236,Cypress College,Cypress,CA-,1,4,-2,,,,,,,33,
224615,Dallas College,Dallas,TX-,1,5,-2,,,,,,,19,
182670,Dartmouth College,Hanover,NH-,2,3,-2,81501,81501,6,7,6,98,94,28356
169479,Davenport University,Grand Rapids,MI-,2,3,-2,35888,35888,98,98,99,78,48,2652
133386,Daytona State College,Daytona Beach,FL-,1,4,-2,,,,,,,39,
224350,Del Mar College,Corpus Christi,TX-,1,4,-2,,,,,,53,13,
130934,Delaware State University,Dover,DE-,1,3,-2,35798,25876,59,53,62,75,47,4764
130907,Delaware Technical Community College-Terry,Dover,DE-,1,4,-2,,,,,,,20,
144740,DePaul University,Chicago,IL-,2,5,30,60771,60771,69,65,72,84,70,32075
482477,DeVry University-Illinois,Naperville,IL-,3,5,-2,,,46,45,46,62,42,5661
230171,Dixie State University,Saint George,UT-,1,4,-2,31768,20644,,,,59,38,
212054,Drexel University,Philadelphia,PA-,2,5,-2,76524,76524,83,81,84,90,78,34519
198419,Duke University,Durham,NC-,2,4,71,79860,79860,6,6,6,98,96,49703
212106,Duquesne University,Pittsburgh,PA-,2,3,30,61270,61270,84,84,84,84,78,10512
198464,East Carolina University,Greenville,NC-,1,5,-2,39492,23215,94,92,95,81,66,21898
212115,East Stroudsburg University of Pennsylvania,East Stroudsburg,PA-,1,3,-2,35559,27021,93,92,94,67,49,3054
220075,East Tennessee State University,Johnson City,TN-,1,4,-2,29192,25890,87,87,88,67,51,8563
132693,Eastern Florida State College,Cocoa,FL-,1,4,-2,24223,16980,,,,,45,
144892,Eastern Illinois University,Charleston,IL-,1,3,-2,28170,25802,72,67,75,74,51,7145
156620,Eastern Kentucky University,Richmond,KY-,1,4,-2,32234,21962,98,98,99,74,48,7251
169798,Eastern Michigan University,Ypsilanti,MI-,1,4,-2,30610,30610,85,81,87,69,48,17506
235097,Eastern Washington University,Cheney,WA-,1,4,-2,42882,25056,97,96,98,67,50,4232
248934,ECPI University,Virginia Beach,VA-,3,4,-2,,,82,86,80,43,42,4802
235103,Edmonds College,Lynnwood,WA-,1,3,-2,23975,18438,,,,,35,
198516,Elon University,Elon,NC-,2,3,-2,55647,55647,78,76,79,88,83,17834
133553,Embry-Riddle Aeronautical University-Daytona Beach,Daytona Beach,FL-,2,3,-2,57754,57754,72,73,71,80,62,9255
426314,Embry-Riddle Aeronautical University-Worldwide,Daytona Beach,FL-,2,4,-2,,,70,72,55,64,19,1278
165662,Emerson College,Boston,MA-,2,3,-2,75944,75944,45,44,46,87,79,11568
139658,Emory University,Atlanta,GA-,2,4,71,75594,75594,13,14,12,95,90,33435
155025,Emporia State University,Emporia,KS-,1,3,-2,29330,21413,88,88,88,74,50,1419
196680,Excelsior College,Albany,NY-,2,4,-2,,,,,,,,
129242,Fairfield University,Fairfield,CT-,2,3,30,71860,71860,56,59,54,89,84,12674
184603,Fairleigh Dickinson University-Metropolitan Campus,Teaneck,NJ-,2,3,-2,53540,53540,85,82,87,69,54,3982
196042,Farmingdale State College,Farmingdale,NY-,1,3,-2,35256,25346,73,74,70,80,53,6995
191126,Fashion Institute of Technology,New York,NY-,1,3,-2,48743,38163,52,47,52,86,82,4706
198543,Fayetteville State University,Fayetteville,NC-,1,3,-2,29234,17626,82,75,85,63,37,4135
169910,Ferris State University,Big Rapids,MI-,1,4,-2,25970,25970,85,83,86,77,48,10480
165820,Fitchburg State University,Fitchburg,MA-,1,3,-2,31700,25620,85,79,91,68,57,3414
133650,Florida Agricultural and Mechanical University,Tallahassee,FL-,1,3,-2,36093,24153,35,35,36,89,55,8717
133669,Florida Atlantic University,Boca Raton,FL-,1,5,-2,36414,23969,78,75,80,80,55,25148
433660,Florida Gulf Coast University,Fort Myers,FL-,1,4,-2,39534,20490,89,88,90,82,56,14462
133881,Florida Institute of Technology,Melbourne,FL-,2,3,-2,58534,58534,66,68,63,82,66,10650
133951,Florida International University,Miami,FL-,1,5,-2,36395,23997,64,64,64,90,67,16406
133508,Florida SouthWestern State College,Fort Myers,FL-,1,4,-2,27749,18171,,,,,40,
133702,Florida State College at Jacksonville,Jacksonville,FL-,1,5,-2,21703,14589,,,,,39,
134097,Florida State University,Tallahassee,FL-,1,5,-2,36606,23476,37,38,37,94,83,65235
114716,Foothill College,Los Altos Hills,CA-,1,4,-2,,,,,,,58,
191241,Fordham University,Bronx,NY-,2,4,30,81186,81186,58,52,62,88,83,46275
155061,Fort Hays State University,Hays,KS-,1,4,-2,29804,19364,90,89,91,73,50,1997
202806,Franklin University,Columbus,OH-,2,3,-2,,,,,,100,25,
127200,Front Range Community College,Westminster,CO-,1,4,-2,,,,,,,26,
134237,Full Sail University,Winter Park,FL-,3,5,-2,,,,,,76,40,
232186,George Mason University,Fairfax,VA-,1,5,-2,54129,30669,91,89,93,84,70,20527
131469,George Washington University,Washington,DC-,2,5,-2,78335,78335,50,48,51,91,84,27236
131496,Georgetown University,Washington,DC-,2,5,30,81515,81515,12,13,12,98,95,27629
139861,Georgia College & State University,Milledgeville,GA-,1,3,-2,47447,28267,88,83,90,78,62,4633
447689,Georgia Gwinnett College,Lawrenceville,GA-,1,4,-2,33714,24928,93,92,94,59,21,5427
139700,Georgia Highlands College,Rome,GA-,1,3,-2,,,,,,72,20,
139755,Georgia Institute of Technology-Main Campus,Atlanta,GA-,1,5,-2,50914,29802,16,13,21,97,92,44048
485111,Georgia Military College,Milledgeville,GA-,1,3,-2,18540,18540,,,,,28,
139931,Georgia Southern University,Statesboro,GA-,1,5,-2,34633,23579,91,88,92,72,54,18541
139940,Georgia State University,Atlanta,GA-,1,5,-2,46065,30834,100,100,100,75,56,19755
235316,Gonzaga University,Spokane,WA-,2,3,30,66661,66661,76,75,77,92,85,8853
159009,Grambling State University,Grambling,LA-,1,3,-2,34686,25663,72,73,72,69,29,3351
104717,Grand Canyon University,Phoenix,AZ-,3,5,-2,32100,32100,83,86,85,71,45,36861
170082,Grand Valley State University,Allendale,MI-,1,5,-2,31956,26220,92,89,93,83,67,17163
442569,Grantham University,Lenexa,KS-,3,3,-2,,,,,,29,28,
235343,Green River College,Auburn,WA-,1,3,-2,,,,,,,38,
218113,Greenville Technical College,Greenville,SC-,1,3,-2,,,,,,,14,
166027,Harvard University,Cambridge,MA-,2,5,-2,78028,78028,4,4,4,96,97,57786
170240,Henry Ford College,Dearborn,MI-,1,4,-2,,,,,,,10,
198695,High Point University,High Point,NC-,2,3,71,59408,59408,80,76,83,82,70,11150
191649,Hofstra University,Hempstead,NY-,2,4,-2,68628,68628,68,65,69,80,70,24886
131520,Howard University,Washington,DC-,2,4,-2,48214,48214,35,34,36,91,64,29396
142276,Idaho State University,Pocatello,ID-,1,4,-2,39596,22142,,,,65,39,
145725,Illinois Institute of Technology,Chicago,IL-,2,3,-2,71080,71080,66,63,71,87,71,6521
145813,Illinois State University,Normal,IL-,1,5,-2,43675,32151,92,89,93,83,67,11913
134608,Indian River State College,Fort Pierce,FL-,1,4,-2,,,,,,,50,
151324,Indiana State University,Terre Haute,IN-,1,3,-2,35624,24360,94,92,95,61,41,12581
213020,Indiana University of Pennsylvania-Main Campus,Indiana,PA-,1,3,-2,34523,28770,94,92,95,71,56,8846
151351,Indiana University-Bloomington,Bloomington,IN-,1,5,-2,54318,27299,85,84,86,90,81,46498
151111,Indiana University-Purdue University-Indianapolis,Indianapolis,IN-,1,5,-2,46227,24170,84,82,85,69,57,15194
488679,Indiana Wesleyan University-National & Global,Marion,IN-,2,4,89,,,,,,,38,
242653,Inter American University of Puerto Rico-Metro,San Juan,PR-,2,3,-2,,,65,66,65,69,34,1198
153603,Iowa State University,Ames,IA-,1,5,-2,37964,22152,91,90,92,88,76,20357
191968,Ithaca College,Ithaca,NY-,2,3,-2,65609,65609,78,79,77,84,77,13445
175856,Jackson State University,Jackson,MS-,1,3,-2,26326,25326,62,56,65,77,39,7889
101480,Jacksonville State University,Jacksonville,AL-,1,3,-2,32353,22633,76,76,77,69,50,10483
232423,James Madison University,Harrisonburg,VA-,1,5,-2,46214,29288,86,82,89,91,82,21176
162928,Johns Hopkins University,Baltimore,MD-,2,5,-2,77977,77977,8,7,8,96,95,39515
217235,Johnson & Wales University-Providence,Providence,RI-,2,3,-2,58394,58394,88,85,90,71,63,9254
155399,Kansas State University,Manhattan,KS-,1,5,-2,41801,25730,96,95,96,86,68,9822
185262,Kean University,Union,NJ-,1,4,-2,37886,30710,79,73,83,71,48,9048
135081,Keiser University-Ft Lauderdale,Fort Lauderdale,FL-,2,4,-2,48704,48704,96,97,96,72,67,4120
486840,Kennesaw State University,Kennesaw,GA-,1,5,-2,38507,27253,82,79,84,74,49,20806
203517,Kent State University at Kent,Kent,OH-,1,5,-2,38476,29600,87,85,89,81,68,19881
213349,Kutztown University of Pennsylvania,Kutztown,PA-,1,3,-2,31838,27730,97,96,98,78,54,6698
226091,Lamar University,Beaumont,TX-,1,4,-2,33634,23842,88,85,90,57,39,6129
226134,Laredo College,Laredo,TX-,1,3,-2,,,,,,,37,
213543,Lehigh University,Bethlehem,PA-,2,3,-2,74865,74865,46,41,51,94,87,14107
146612,Lewis University,Romeoville,IL-,2,3,30,50424,50424,71,69,73,75,60,4311
232557,Liberty University,Lynchburg,VA-,2,5,102,42114,42114,99,99,99,79,62,28448
220631,Lincoln Memorial University,Harrogate,TN-,2,3,-2,40350,40350,70,71,69,70,53,2013
177968,Lindenwood University,Saint Charles,MO-,2,3,-2,33040,33040,75,70,79,78,53,3355
227182,Lone Star College System,The Woodlands,TX-,1,5,-2,,,,,,,18,
192448,Long Island University,Brookville,NY-,2,4,-2,59048,59048,93,91,94,82,47,17423
203748,Lorain County Community College,Elyria,OH-,1,3,-2,,,,,,,27,
436429,Los Angeles Film School,Hollywood,CA-,3,3,-2,,,,,,56,48,
159391,Louisiana State University and Agricultural & Mechanical College,Baton Rouge,LA-,1,5,-2,50513,33836,71,69,72,83,69,36561
159416,Louisiana State University-Shreveport,Shreveport,LA-,1,3,-2,34854,21700,91,90,91,62,38,885
159647,Louisiana Tech University,Ruston,LA-,1,4,-2,30786,24045,66,69,63,81,59,7724
117946,Loyola Marymount University,Los Angeles,CA-,2,4,30,72936,72936,46,46,46,90,79,19045
146719,Loyola University Chicago,Chicago,IL-,2,4,30,65788,65788,77,73,79,88,72,37824
163046,Loyola University Maryland,Baltimore,MD-,2,3,30,72480,72480,84,82,85,88,81,9286
238263,Madison Area Technical College,Madison,WI-,1,4,-2,,,,,,,24,
192819,Marist College,Poughkeepsie,NY-,2,3,-2,63185,63185,60,60,60,86,82,11583
239105,Marquette University,Milwaukee,WI-,2,4,30,63262,63262,86,85,87,89,81,16270
237525,Marshall University,Huntington,WV-,1,4,-2,34377,23323,98,97,98,71,52,5602
178059,Maryville University of Saint Louis,Saint Louis,MO-,2,4,-2,47702,47702,92,91,92,82,73,3557
166683,Massachusetts Institute of Technology,Cambridge,MA-,2,4,-2,77020,77020,4,3,6,99,96,33240
159717,McNeese State University,Lake Charles,LA-,1,3,-2,32252,24214,69,71,67,69,42,2599
166656,MCPHS University,Boston,MA-,2,3,-2,59720,59720,98,97,98,79,67,4846
140447,Mercer University,Macon,GA-,2,3,-2,56162,56162,75,72,78,86,74,7201
193016,Mercy College,Dobbs Ferry,NY-,2,3,-2,40380,40380,86,80,88,71,50,6471
166850,Merrimack College,North Andover,MA-,2,3,30,64774,64774,80,80,81,84,69,10429
174020,Metropolitan State University,Saint Paul,MN-,1,3,-2,,,67,67,67,65,38,650
127565,Metropolitan State University of Denver,Denver,CO-,1,4,-2,,,89,87,90,63,30,11306
135717,Miami Dade College,Miami,FL-,1,5,-2,,,,,,,35,
204024,Miami University-Oxford,Oxford,OH-,1,4,-2,56317,35642,89,89,88,89,83,29990
171100,Michigan State University,East Lansing,MI-,1,5,-2,55546,29734,83,81,85,92,82,50630
171128,Michigan Technological University,Houghton,MI-,1,3,-2,53356,32210,86,86,85,85,69,8041
482158,Middle Georgia State University,Macon,GA-,1,3,-2,28729,21382,99,99,100,55,22,2446
220978,Middle Tennessee State University,Murfreesboro,TN-,1,5,-2,43586,24554,68,69,68,75,54,11244
226806,Midland College,Midland,TX-,1,3,-2,15258,13998,,,,,22,
226833,Midwestern State University,Wichita Falls,TX-,1,3,-2,26304,24354,95,93,95,63,47,3887
214041,Millersville University of Pennsylvania,Millersville,PA-,1,3,-2,39126,29156,96,95,97,75,57,6087
174358,Minnesota State University Moorhead,Moorhead,MN-,1,3,-2,31980,23884,72,66,75,69,57,3143
173920,Minnesota State University-Mankato,Mankato,MN-,1,4,-2,31582,22528,69,69,70,75,52,9859
118912,MiraCosta College,Oceanside,CA-,1,4,-2,,,,,,100,36,
176080,Mississippi State University,Mississippi State,MS-,1,5,-2,42140,26460,76,77,75,81,60,17707
179566,Missouri State University-Springfield,Springfield,MO-,1,5,-2,31372,23168,94,92,95,75,59,9726
178411,Missouri University of Science and Technology,Rolla,MO-,1,3,-2,43235,24951,85,86,85,85,63,5533
118976,Modesto Junior College,Modesto,CA-,1,4,-2,22087,14719,,,,,23,
185572,Monmouth University,West Long Branch,NJ-,2,3,-2,62033,62033,84,77,88,84,69,8208
193308,Monroe College,Bronx,NY-,3,3,-2,33086,33086,39,47,34,73,57,3845
180461,Montana State University,Bozeman,MT-,1,4,-2,44022,23286,73,78,69,76,55,26741
185590,Montclair State University,Montclair,NJ-,1,5,-2,41216,33096,91,88,92,79,67,18691
157386,Morehead State University,Morehead,KY-,1,3,-2,27758,23114,90,89,90,70,45,6922
163453,Morgan State University,Baltimore,MD-,1,3,-2,35938,25467,87,83,89,72,44,15564
157401,Murray State University,Murray,KY-,1,3,-2,33986,24710,85,83,86,75,56,9144
147536,National Louis University,Chicago,IL-,2,3,-2,,,97,96,98,61,34,1518
119605,National University,La Jolla,CA-,2,4,-2,,,55,43,72,100,47,154
441900,Nevada State College,Henderson,NV-,1,3,-2,,,79,76,80,76,29,1230
185129,New Jersey City University,Jersey City,NJ-,1,3,-2,46612,36320,91,88,92,74,39,5586
185828,New Jersey Institute of Technology,Newark,NJ-,1,4,-2,55334,39316,69,66,75,88,74,11578
188030,New Mexico State University-Main Campus,Las Cruces,NM-,1,4,-2,40658,24192,57,57,58,72,50,12535
194091,New York Institute of Technology,Old Westbury,NY-,2,3,-2,59964,59964,80,79,82,77,56,10469
193900,New York University,New York,NY-,2,5,-2,79746,79746,13,13,13,94,87,95517
159966,Nicholls State University,Thibodaux,LA-,1,3,-2,25109,24016,97,96,98,70,50,2167
232937,Norfolk State University,Norfolk,VA-,1,3,-2,37878,26710,89,83,91,66,37,6490
199102,North Carolina A & T State University,Greensboro,NC-,1,4,-2,32122,18612,57,53,59,77,53,21528
199157,North Carolina Central University,Durham,NC-,1,3,-2,37867,25160,76,72,78,74,51,8244
199193,North Carolina State University at Raleigh,Raleigh,NC-,1,5,-2,45771,24986,47,42,53,94,84,32998
200332,North Dakota State University-Main Campus,Fargo,ND-,1,4,-2,28354,23879,95,94,96,76,65,8143
444130,Northcentral University,La Jolla,CA-,2,4,-2,,,,,,,,
147776,Northeastern Illinois University,Chicago,IL-,1,3,-2,41606,31515,62,55,67,61,21,3399
207263,Northeastern State University,Tahlequah,OK-,1,3,-2,27765,19125,99,99,100,61,39,1474
167358,Northeastern University,Boston,MA-,2,5,-2,78202,78202,18,16,20,97,91,75244
482705,Northeastern University Professional Programs,Boston,MA-,2,4,-2,,,,,,,,
105330,Northern Arizona University,Flagstaff,AZ-,1,5,-2,43600,28854,78,77,79,74,59,42872
147703,Northern Illinois University,Dekalb,IL-,1,4,-2,27218,27218,70,67,73,67,51,22602
157447,Northern Kentucky University,Highland Heights,KY-,1,4,-2,35202,25146,80,82,79,70,48,6637
171456,Northern Michigan University,Marquette,MI-,1,3,-2,32762,27266,71,73,70,72,49,6553
178624,Northwest Missouri State University,Maryville,MO-,1,3,-2,27442,21375,86,85,86,76,52,7039
160038,Northwestern State University of Louisiana,Natchitoches,LA-,1,4,-2,35879,25091,96,96,96,64,44,3738
147767,Northwestern University,Evanston,IL-,2,5,-2,83838,83838,7,7,7,99,95,47636
136215,Nova Southeastern University,Fort Lauderdale,FL-,2,5,-2,55936,55936,93,90,93,78,61,11749
242972,NUC University,Bayamon,PR-,3,5,-2,,,,,,49,63,
171571,Oakland University,Rochester Hills,MI-,1,4,-2,39334,28560,92,91,92,73,56,10645
227304,Odessa College,Odessa,TX-,1,3,-2,13738,12841,,,,58,30,
204796,Ohio State University-Main Campus,Columbus,OH-,1,5,-2,52105,29022,57,55,59,94,88,58180
204857,Ohio University-Main Campus,Athens,OH-,1,5,-2,38586,28616,89,87,90,81,67,21733
207388,Oklahoma State University-Main Campus,Stillwater,OK-,1,5,-2,40290,24770,68,68,68,83,66,16934
232982,Old Dominion University,Norfolk,VA-,1,5,-2,48248,28088,96,95,97,72,49,13586
209542,Oregon State University,Corvallis,OR-,1,5,-2,48793,29402,89,87,91,87,68,23188
194310,Pace University,New York,NY-,2,4,-2,71268,71268,88,84,89,75,59,24795
136358,Palm Beach State College,Lake Worth,FL-,1,5,-2,,,,,,,42,
178721,Park University,Parkville,MO-,2,3,-2,25349,25349,,,,57,24,
136400,Pasco-Hernando State College,New Port Richey,FL-,1,3,-2,,,,,,,38,
136473,Pensacola State College,Pensacola,FL-,1,3,-2,,,,,,,37,
121150,Pepperdine University,Malibu,CA-,2,4,74,80152,80152,53,52,53,93,83,11855
235237,Pierce College District,Lakewood,WA-,1,3,-2,20578,20116,,,,,37,
127820,Pikes Peak Community College,Colorado Springs,CO-,1,4,-2,,,,,,,24,
155681,Pittsburg State University,Pittsburg,KS-,1,3,-2,32398,21054,94,91,95,75,52,2216
136516,Polk State College,Winter Haven,FL-,1,3,-2,,,,,,67,33,
241410,Pontifical Catholic University of Puerto Rico-Ponce,Ponce,PR-,2,3,30,17555,17555,85,84,86,78,42,1834
209807,Portland State University,Portland,OR-,1,5,-2,47196,28296,98,98,99,76,54,6859
130183,Post University,Waterbury,CT-,3,4,-2,33660,33660,,,,45,20,
227526,Prairie View A & M University,Prairie View,TX-,1,3,-2,41586,26011,77,67,81,75,42,6753
194578,Pratt Institute-Main,Brooklyn,NY-,2,3,-2,73390,73390,68,63,70,88,71,7922
186131,Princeton University,Princeton,NJ-,2,3,-2,78490,78490,4,4,5,96,98,37601
127884,Pueblo Community College,Pueblo,CO-,1,3,-2,,,,,,,19,
151102,Purdue University Fort Wayne,Fort Wayne,IN-,1,3,-2,35849,23441,83,85,82,57,38,6007
489779,Purdue University Global,West Lafayette,IN-,1,5,-2,,,,,,75,29,
490805,Purdue University Northwest,Hammond,IN-,1,3,-2,28496,21605,76,77,76,60,40,3642
243780,Purdue University-Main Campus,West Lafayette,IN-,1,5,-2,41614,22812,69,63,78,91,83,59436
130226,Quinnipiac University,Hamden,CT-,2,3,-2,69760,69760,88,89,88,87,80,15722
233277,Radford University,Radford,VA-,1,3,-2,38264,26182,95,94,96,67,54,11291
186201,Ramapo College of New Jersey,Mahwah,NJ-,1,3,-2,44016,34274,70,68,71,87,72,6930
138309,Rasmussen University-Florida,Ocala,FL-,3,3,-2,,,,,,,34,
127909,Red Rocks Community College,Lakewood,CO-,1,3,-2,,,,,,100,22,
231651,Regent University,Virginia Beach,VA-,2,4,-2,29832,29832,41,40,41,74,62,5240
127918,Regis University,Denver,CO-,2,3,30,57180,57180,81,77,83,79,62,5959
194824,Rensselaer Polytechnic Institute,Troy,NY-,2,3,-2,77763,77763,53,52,55,89,84,17498
217420,Rhode Island College,Providence,RI-,1,3,-2,42462,27264,85,81,87,74,46,3592
227757,Rice University,Houston,TX-,2,3,-2,71745,71745,9,9,10,97,92,29544
121886,Rio Hondo College,Whittier,CA-,1,4,-2,,,,,,,24,
195003,Rochester Institute of Technology,Rochester,NY-,2,4,-2,69232,69232,71,70,74,88,69,21923
184782,Rowan University,Glassboro,NJ-,1,4,-2,44218,35186,84,83,85,83,69,11659
186371,Rutgers University-Camden,Camden,NJ-,1,3,-2,49875,33233,79,78,79,77,71,11156
186380,Rutgers University-New Brunswick,New Brunswick,NJ-,1,5,-2,51331,34130,68,67,69,94,84,43161
186399,Rutgers University-Newark,Newark,NJ-,1,4,-2,51263,34062,77,75,80,86,65,14456
130253,Sacred Heart University,Fairfield,CT-,2,3,30,65948,65948,66,62,68,86,73,12663
172051,Saginaw Valley State University,University Center,MI-,1,3,-2,39550,24536,78,75,79,73,42,5899
174783,Saint Cloud State University,Saint Cloud,MN-,1,4,-2,31157,22317,94,93,96,62,47,4228
137281,Saint Johns River State College,Palatka,FL-,1,3,-2,,,,,,,46,
215770,Saint Joseph's University,Philadelphia,PA-,2,3,30,65105,65105,83,81,85,89,83,8119
137032,Saint Leo University,Saint Leo,FL-,2,3,30,43918,43918,71,69,72,57,46,10086
179159,Saint Louis University,Saint Louis,MO-,2,4,30,66980,66980,70,69,71,89,80,15047
167729,Salem State University,Salem,MA-,1,3,-2,36054,29249,90,85,92,75,57,6287
163851,Salisbury University,Salisbury,MD-,1,3,-2,36958,26688,86,83,89,80,72,7691
227881,Sam Houston State University,Huntsville,TX-,1,5,-2,34404,24612,97,95,97,73,57,11556
102049,Samford University,Birmingham,AL-,2,3,54,52514,52514,84,81,85,89,79,4217
122375,San Diego Mesa College,San Diego,CA-,1,4,-2,,,,,,,31,
122409,San Diego State University,San Diego,CA-,1,5,-2,43364,31484,38,35,40,90,76,67660
122597,San Francisco State University,San Francisco,CA-,1,5,-2,39343,27463,93,91,94,85,54,27777
227979,San Jacinto Community College,Pasadena,TX-,1,5,-2,,,,,,,32,
122755,San Jose State University,San Jose,CA-,1,5,-2,41312,29432,84,80,88,89,69,30441
121619,Santa Ana College,Santa Ana,CA-,1,5,-2,,,,,,,28,
122931,Santa Clara University,Santa Clara,CA-,2,3,30,76497,76497,54,50,57,94,91,16848
137096,Santa Fe College,Gainesville,FL-,1,4,-2,,,,,,,56,
122977,Santa Monica College,Santa Monica,CA-,1,5,-2,,,,,,,32,
140951,Savannah College of Art and Design,Savannah,GA-,2,4,-2,59840,59840,81,78,82,81,71,14914
172200,Schoolcraft College,Livonia,MI-,1,3,-2,,,,,,,20,
236595,Seattle University,Seattle,WA-,2,3,30,67170,67170,82,81,83,85,75,8539
137209,Seminole State College of Florida,Sanford,FL-,1,4,-2,,,,,,,45,
186584,Seton Hall University,South Orange,NJ-,2,3,30,66716,66716,77,75,77,83,72,23417
123299,Shasta College,Redding,CA-,1,3,-2,18247,11527,,,,,22,
216010,Shippensburg University of Pennsylvania,Shippensburg,PA-,1,3,-2,30056,29328,93,92,94,68,58,6000
167783,Simmons University,Boston,MA-,2,3,-2,62784,62784,84,,84,86,71,3516
205470,Sinclair Community College,Dayton,OH-,1,4,-2,,,,,,78,27,
123509,Skyline College,San Bruno,CA-,1,3,-2,,,,,,,41,
216038,Slippery Rock University of Pennsylvania,Slippery Rock,PA-,1,3,-2,29087,24979,79,79,80,82,68,4936
230597,Snow College,Ephraim,UT-,1,3,-2,21708,12232,,,,49,49,
123563,Solano Community College,Fairfield,CA-,1,3,-2,,,,,,,30,
123572,Sonoma State University,Rohnert Park,CA-,1,3,-2,38578,26698,94,92,95,83,60,10598
220552,South College,Knoxville,TN-,3,3,-2,,,,,,64,38,
219356,South Dakota State University,Brookings,SD-,1,4,-2,26126,22616,87,87,88,80,60,5774
409315,South Texas College,McAllen,TX-,1,5,-2,,,,,,56,26,
475121,South University-Savannah Online,Savannah,GA-,3,3,-2,,,,,,40,5,
179557,Southeast Missouri State University,Cape Girardeau,MO-,1,3,-2,30844,24274,79,73,83,74,54,7213
160612,Southeastern Louisiana University,Hammond,LA-,1,4,-2,36687,24209,99,99,99,64,38,5634
207847,Southeastern Oklahoma State University,Durant,OK-,1,3,-2,27066,18126,74,74,74,54,30,825
137564,Southeastern University,Lakeland,FL-,2,3,27,44814,44814,45,48,43,70,51,4940
130493,Southern Connecticut State University,New Haven,CT-,1,3,-2,42712,29308,83,78,86,72,52,7294
149222,Southern Illinois University-Carbondale,Carbondale,IL-,1,4,-2,29903,29903,95,94,96,75,45,6987
149231,Southern Illinois University-Edwardsville,Edwardsville,IL-,1,4,-2,26007,26007,98,98,98,74,52,8995
228246,Southern Methodist University,Dallas,TX-,2,4,71,81074,81074,53,50,55,91,82,15685
183026,Southern New Hampshire University,Manchester,NH-,2,5,-2,36006,36006,92,91,93,62,39,27953
210146,Southern Oregon University,Ashland,OR-,1,3,-2,46527,28707,90,90,89,69,41,1913
160621,Southern University and A & M College,Baton Rouge,LA-,1,3,-2,31833,24483,59,69,55,67,32,8551
230603,Southern Utah University,Cedar City,UT-,1,4,-2,34442,20626,89,87,90,73,55,17209
175078,Southwest Minnesota State University,Marshall,MN-,1,3,-2,22718,22718,91,89,93,63,48,1672
236692,Spokane Community College,Spokane,WA-,1,3,-2,,,,,,,32,
137078,St Petersburg College,St. Petersburg,FL-,1,5,-2,,,,,,,36,
195809,St. John's University-New York,Queens,NY-,2,4,30,67258,67258,85,82,87,82,68,23658
137476,St. Thomas University,Miami Gardens,FL-,2,3,30,50446,50446,71,69,73,56,41,6737
243744,Stanford University,Stanford,CA-,2,4,-2,78898,78898,4,4,4,98,96,55471
135391,State College of Florida-Manatee-Sarasota,Bradenton,FL-,1,3,-2,,,,,,,40,
196176,State University of New York at New Paltz,New Paltz,NY-,1,3,-2,37297,27387,46,41,49,82,73,12482
228431,Stephen F Austin State University,Nacogdoches,TX-,1,4,-2,36134,25118,83,79,85,76,53,7811
186867,Stevens Institute of Technology,Hoboken,NJ-,2,3,-2,75770,75770,53,49,59,93,87,11320
186876,Stockton University,Galloway,NJ-,1,3,-2,41129,33547,85,85,84,78,76,6247
196097,Stony Brook University,Stony Brook,NY-,1,5,-2,47193,29273,48,45,50,89,78,38826
458919,Strayer University-Georgia,Atlanta,GA-,3,3,-2,,,,,,33,9,
459994,Strayer University-Global Region,Washington,DC-,3,4,-2,,,,,,50,21,
168005,Suffolk University,Boston,MA-,2,3,-2,63794,63794,88,85,90,78,60,7501
196060,SUNY at Albany,Albany,NY-,1,4,-2,46071,28231,68,64,71,82,66,21265
196121,SUNY Brockport,Brockport,NY-,1,3,-2,35979,26069,76,70,81,69,63,7800
196130,SUNY Buffalo State,Buffalo,NY-,1,3,-2,36570,26660,85,81,88,48,41,12057
196194,SUNY College at Oswego,Oswego,NY-,1,3,-2,36619,26709,80,78,81,75,66,10357
196149,SUNY Cortland,Cortland,NY-,1,3,-2,36060,26150,60,52,66,80,65,11420
196264,SUNY Empire State College,Saratoga Springs,NY-,1,3,-2,,,,,,62,24,
196185,SUNY Oneonta,Oneonta,NY-,1,3,-2,36678,26768,70,62,75,76,74,9940
196413,Syracuse University,Syracuse,NY-,2,5,-2,77896,77896,59,57,61,90,82,39682
236753,Tacoma Community College,Tacoma,WA-,1,3,-2,,,,,,,37,
137759,Tallahassee Community College,Tallahassee,FL-,1,4,-2,,,,,,,40,
228529,Tarleton State University,Stephenville,TX-,1,4,-2,32078,22286,57,52,59,70,49,10657
216339,Temple University,Philadelphia,PA-,1,5,-2,49760,36536,72,70,74,86,75,37571
221838,Tennessee State University,Nashville,TN-,1,3,-2,37188,23832,,,,53,30,
221847,Tennessee Technological University,Cookeville,TN-,1,3,-2,35364,25332,79,79,79,73,60,6412
226152,Texas A & M International University,Laredo,TX-,1,3,-2,34550,23037,54,54,55,74,49,5263
228723,Texas A & M University-College Station,College Station,TX-,1,5,-2,58598,31703,64,66,63,93,83,43763
224554,Texas A & M University-Commerce,Commerce,TX-,1,4,-2,35964,23724,87,83,89,60,42,5203
224147,Texas A & M University-Corpus Christi,Corpus Christi,TX-,1,4,-2,36918,25921,91,90,92,55,36,7222
228705,Texas A & M University-Kingsville,Kingsville,TX-,1,3,-2,39395,23541,93,91,95,66,43,4936
459949,Texas A&M University-San Antonio,San Antonio,TX-,1,3,-2,39778,26107,73,71,74,67,,10684
228875,Texas Christian University,Fort Worth,TX-,2,4,61,70428,70428,54,49,56,91,83,19782
229063,Texas Southern University,Houston,TX-,1,3,-2,37699,25459,63,59,65,68,23,10554
228459,Texas State University,San Marcos,TX-,1,5,-2,37699,26275,70,66,72,77,57,31073
229115,Texas Tech University,Lubbock,TX-,1,5,-2,40052,27782,68,66,70,85,63,33756
229337,Texas Tech University Health Sciences Center,Lubbock,TX-,1,3,-2,,,,,,,,
229179,Texas Woman's University,Denton,TX-,1,4,-2,32673,22881,96,94,96,72,48,5355
131283,The Catholic University of America,Washington,DC-,2,3,30,72326,72326,86,83,88,88,74,5895
187134,The College of New Jersey,Ewing,NJ-,1,3,-2,48144,35837,62,58,65,92,87,10393
193654,The New School,New York,NY-,2,4,-2,78744,78744,66,65,67,83,70,9696
495767,The Pennsylvania State University,University Park,PA-,1,5,-2,55848,38270,92,93,92,87,72,96686
100751,The University of Alabama,Tuscaloosa,AL-,1,5,-2,50494,31024,79,79,79,89,72,42421
180489,The University of Montana,Missoula,MT-,1,4,-2,44020,23036,82,81,83,75,48,7233
137847,The University of Tampa,Tampa,FL-,2,4,-2,48594,48594,54,58,52,83,62,32904
221740,The University of Tennessee-Chattanooga,Chattanooga,TN-,1,4,-2,40916,24798,86,84,87,73,54,7607
221759,The University of Tennessee-Knoxville,Knoxville,TN-,1,5,-2,51078,32658,75,72,77,88,72,29909
221768,The University of Tennessee-Martin,Martin,TN-,1,3,-2,28372,22332,75,73,76,70,52,8705
228769,The University of Texas at Arlington,Arlington,TX-,1,5,-2,45831,28259,93,92,94,71,51,15498
228778,The University of Texas at Austin,Austin,TX-,1,5,-2,59032,29788,29,25,32,96,88,66077
228787,The University of Texas at Dallas,Richardson,TX-,1,5,-2,56908,31696,87,85,89,88,72,18838
228796,The University of Texas at El Paso,El Paso,TX-,1,5,-2,39662,24254,100,100,100,70,45,10153
229027,The University of Texas at San Antonio,San Antonio,TX-,1,5,-2,35771,23474,90,87,93,78,51,21726
228802,The University of Texas at Tyler,Tyler,TX-,1,3,-2,39478,23932,94,92,95,62,42,3577
229300,The University of Texas Health Science Center at Houston,Houston,TX-,1,3,-2,,,,,,,,
229018,The University of Texas Permian Basin,Odessa,TX-,1,3,-2,38298,25644,65,65,64,67,42,1212
227368,The University of Texas Rio Grande Valley,Edinburg,TX-,1,5,-2,32170,22378,94,93,95,72,51,14386
138354,The University of West Florida,Pensacola,FL-,1,4,-2,34409,21528,53,53,53,84,52,8660
187046,Thomas Edison State University,Trenton,NJ-,1,3,-2,,,,,,,,
216366,Thomas Jefferson University,Philadelphia,PA-,2,3,-2,64007,64007,78,73,80,84,71,5135
196592,Touro College,New York,NY-,2,4,-2,39536,39536,77,73,79,87,62,1592
164076,Towson University,Towson,MD-,1,5,-2,43178,28126,88,85,90,85,72,11616
225308,Trinity Valley Community College,Athens,TX-,1,3,-2,19075,18025,,,,,24,
102368,Troy University,Troy,AL-,1,4,-2,32289,22977,95,94,96,74,52,6766
182500,Truckee Meadows Community College,Reno,NV-,1,3,-2,,,,,,,26,
168148,Tufts University,Medford,MA-,2,4,-2,81700,81700,11,12,11,97,94,31198
160755,Tulane University of Louisiana,New Orleans,LA-,2,4,-2,81232,81232,10,10,10,94,86,45525
229355,Tyler Junior College,Tyler,TX-,1,4,-2,20690,19970,,,,,22,
243346,Universidad Ana G. Mendez-Carolina Campus,Carolina,PR-,2,3,-2,,,,,,72,34,
241739,Universidad Ana G. Mendez-Cupey Campus,San Juan,PR-,2,3,-2,,,,,,69,32,
243601,Universidad Ana G. Mendez-Gurabo Campus,Gurabo,PR-,2,4,-2,,,,,,73,26,
196088,University at Buffalo,Buffalo,NY-,1,5,-2,48160,30240,70,68,72,83,74,30750
200800,University of Akron Main Campus,Akron,OH-,1,4,-2,25824,25824,85,84,86,69,60,11332
100663,University of Alabama at Birmingham,Birmingham,AL-,1,5,-2,39462,27630,89,85,91,84,62,11906
100706,University of Alabama in Huntsville,Huntsville,AL-,1,3,-2,41104,28708,74,81,67,79,61,5781
102553,University of Alaska Anchorage,Anchorage,AK-,1,4,-2,47486,30880,69,68,70,69,30,3431
102614,University of Alaska Fairbanks,Fairbanks,AK-,1,3,-2,36574,22438,65,67,63,68,38,1402
104179,University of Arizona,Tucson,AZ-,1,5,-2,55208,30686,87,85,89,84,64,48065
106397,University of Arkansas,Fayetteville,AR-,1,5,-2,43794,26978,83,81,84,87,70,21462
106245,University of Arkansas at Little Rock,Little Rock,AR-,1,3,-2,35428,24837,58,60,57,65,40,3786
108092,University of Arkansas-Fort Smith,Fort Smith,AR-,1,3,-2,29400,22128,,,,67,26,
110635,University of California-Berkeley,Berkeley,CA-,1,5,-2,71227,41473,14,12,17,96,93,112843
110644,University of California-Davis,Davis,CA-,1,5,-2,67357,37603,49,45,52,91,87,87120
110653,University of California-Irvine,Irvine,CA-,1,5,-2,66056,36302,29,26,31,93,84,107950
110662,University of California-Los Angeles,Los Angeles,CA-,1,5,-2,66051,36297,11,10,12,97,92,139489
445188,University of California-Merced,Merced,CA-,1,3,-2,67988,38234,87,85,88,79,72,27793
110671,University of California-Riverside,Riverside,CA-,1,5,-2,66214,36460,65,62,68,88,76,52672
110680,University of California-San Diego,La Jolla,CA-,1,5,-2,65914,36160,34,32,36,95,89,118386
110705,University of California-Santa Barbara,Santa Barbara,CA-,1,5,-2,67474,37720,29,26,32,91,85,105641
110714,University of California-Santa Cruz,Santa Cruz,CA-,1,4,-2,67612,37858,59,54,62,89,78,61695
106704,University of Central Arkansas,Conway,AR-,1,4,-2,30521,23651,92,91,93,71,49,6057
132903,University of Central Florida,Orlando,FL-,1,5,-2,40135,24036,36,37,36,92,75,48929
176965,University of Central Missouri,Warrensburg,MO-,1,4,-2,29940,22192,76,76,76,71,53,5103
206941,University of Central Oklahoma,Edmond,OK-,1,4,-2,36475,25588,81,79,83,67,37,8708
144050,University of Chicago,Chicago,IL-,2,4,-2,84126,84126,6,7,6,99,96,37974
201955,University of Cincinnati-Blue Ash College,Blue Ash,OH-,1,3,-2,31716,22918,,,,,13,
201946,University of Cincinnati-Clermont College,Batavia,OH-,1,3,-2,,,,,,,20,
201885,University of Cincinnati-Main Campus,Cincinnati,OH-,1,5,-2,44358,29024,85,86,84,87,73,25775
126614,University of Colorado Boulder,Boulder,CO-,1,5,-2,58169,32351,80,75,83,87,74,54756
126580,University of Colorado Colorado Springs,Colorado Springs,CO-,1,4,-2,38602,26146,95,95,96,67,44,11900
126562,University of Colorado Denver/Anschutz Medical Campus,Denver,CO-,1,5,-2,47926,30934,72,70,73,75,48,14428
129020,University of Connecticut,Storrs,CT-,1,5,-2,58432,35764,56,50,60,92,83,36753
202480,University of Dayton,Dayton,OH-,2,4,30,62510,62510,81,77,84,88,80,17262
130943,University of Delaware,Newark,DE-,1,5,-2,53422,31562,72,69,75,91,82,34111
127060,University of Denver,Denver,CO-,2,4,-2,73514,73514,64,62,65,84,76,22694
169716,University of Detroit Mercy,Detroit,MI-,2,3,30,44322,44322,93,94,93,83,67,4435
134130,University of Florida,Gainesville,FL-,1,5,-2,43709,21431,30,29,31,97,91,51207
484473,University of Florida-Online,Gainesville,FL-,1,3,-2,,,66,69,63,91,72,1766
139959,University of Georgia,Athens,GA-,1,5,-2,46986,27946,40,36,43,95,88,39229
129525,University of Hartford,West Hartford,CT-,2,3,-2,62552,62552,79,79,78,77,59,13459
141574,University of Hawaii at Manoa,Honolulu,HI-,1,4,-2,51952,29920,70,72,69,80,59,19607
225511,University of Houston,Houston,TX-,1,5,-2,37269,25077,66,64,67,85,62,29721
225414,University of Houston-Clear Lake,Houston,TX-,1,3,-2,42298,29002,91,92,91,74,53,1793
225432,University of Houston-Downtown,Houston,TX-,1,4,-2,,,95,92,96,64,30,6148
142285,University of Idaho,Moscow,ID-,1,4,-2,41490,22254,81,79,83,75,59,9814
145600,University of Illinois Chicago,Chicago,IL-,1,5,-2,45526,31176,79,74,82,81,62,22791
145637,University of Illinois Urbana-Champaign,Champaign,IL-,1,5,-2,49086,31636,60,54,67,93,85,47593
151263,University of Indianapolis,Indianapolis,IN-,2,3,71,49476,49476,78,74,80,66,63,10241
153658,University of Iowa,Iowa City,IA-,1,5,-2,48321,26358,86,84,88,88,74,22434
155317,University of Kansas,Lawrence,KS-,1,5,-2,42388,25520,92,89,96,85,66,15275
157085,University of Kentucky,Lexington,KY-,1,5,-2,50688,31690,94,92,95,86,68,21695
117140,University of La Verne,La Verne,CA-,2,3,-2,64424,64424,72,69,74,80,69,5004
160658,University of Louisiana at Lafayette,Lafayette,LA-,1,4,-2,41448,27720,78,76,80,75,50,10409
159993,University of Louisiana at Monroe,Monroe,LA-,1,3,-2,36538,24438,70,68,71,69,54,4945
157289,University of Louisville,Louisville,KY-,1,5,-2,46550,30204,75,75,75,77,62,15455
161253,University of Maine,Orono,ME-,1,4,-2,48568,26968,96,96,97,76,57,14965
163204,University of Maryland Global Campus,Adelphi,MD-,1,5,-2,,,,,,52,21,
163259,University of Maryland  Baltimore,Baltimore,MD-,1,3,-2,,,,,,,,
163268,University of Maryland-Baltimore County,Baltimore,MD-,1,4,-2,45836,29646,81,80,82,87,71,11093
163286,University of Maryland-College Park,College Park,MD-,1,5,-2,55756,28075,52,48,56,95,88,50183
262086,University of Massachusetts Global,Irvine,CA-,2,3,-2,,,93,93,93,19,0,168
166629,University of Massachusetts-Amherst,Amherst,MA-,1,5,-2,52959,32434,66,58,72,91,84,42540
166638,University of Massachusetts-Boston,Boston,MA-,1,4,-2,55993,35531,79,74,82,75,49,16383
167987,University of Massachusetts-Dartmouth,North Dartmouth,MA-,1,3,-2,48900,33155,92,91,94,68,54,7983
166513,University of Massachusetts-Lowell,Lowell,MA-,1,4,-2,49818,31892,85,83,86,82,69,12493
220862,University of Memphis,Memphis,TN-,1,5,-2,30461,26429,95,94,96,72,54,14916
135726,University of Miami,Coral Gables,FL-,2,4,-2,75330,75330,28,33,25,93,84,42245
170976,University of Michigan-Ann Arbor,Ann Arbor,MI-,1,5,-2,69326,32272,20,18,22,97,94,79743
171137,University of Michigan-Dearborn,Dearborn,MI-,1,3,-2,,,69,65,72,84,56,8065
171146,University of Michigan-Flint,Flint,MI-,1,3,-2,39658,27434,74,70,76,70,36,4021
174233,University of Minnesota-Duluth,Duluth,MN-,1,3,-2,31492,26194,80,77,82,77,65,9610
174066,University of Minnesota-Twin Cities,Minneapolis,MN-,1,5,-2,47980,29416,73,69,77,92,84,35905
176017,University of Mississippi,University,MS-,1,5,-2,43798,26956,90,89,90,88,68,19531
178396,University of Missouri-Columbia,Columbia,MO-,1,5,-2,47628,28653,77,75,78,88,73,19966
178402,University of Missouri-Kansas City,Kansas City,MO-,1,4,-2,42991,27355,76,72,78,72,57,4967
178420,University of Missouri-St Louis,Saint Louis,MO-,1,4,-2,45832,28514,57,59,55,73,58,3054
181215,University of Nebraska at Kearney,Kearney,NE-,1,3,-2,30552,24300,90,89,91,76,58,6076
181394,University of Nebraska at Omaha,Omaha,NE-,1,4,-2,36970,23388,87,87,88,69,50,8821
181464,University of Nebraska-Lincoln,Lincoln,NE-,1,5,-2,43446,26316,81,81,81,80,66,17775
182281,University of Nevada-Las Vegas,Las Vegas,NV-,1,5,-2,42506,26415,83,80,86,77,47,13025
182290,University of Nevada-Reno,Reno,NV-,1,5,-2,42888,26796,88,87,89,78,63,9421
161457,University of New England,Biddeford,ME-,2,3,-2,59620,59620,90,88,91,76,63,4765
183044,University of New Hampshire-Main Campus,Durham,NH-,1,4,-2,53218,34978,87,82,90,87,78,20149
129941,University of New Haven,West Haven,CT-,2,3,-2,63554,63554,94,92,95,76,66,10272
187985,University of New Mexico-Main Campus,Albuquerque,NM-,1,5,-2,41063,23725,97,97,97,68,54,11346
159939,University of New Orleans,New Orleans,LA-,1,3,-2,32184,27348,81,81,80,58,39,5633
101879,University of North Alabama,Florence,AL-,1,3,-2,32486,22886,90,91,89,75,51,3410
199120,University of North Carolina at Chapel Hill,Chapel Hill,NC-,1,5,-2,52633,24770,20,20,21,97,90,50729
199139,University of North Carolina at Charlotte,Charlotte,NC-,1,5,-2,37150,23716,79,77,81,85,66,20366
199148,University of North Carolina at Greensboro,Greensboro,NC-,1,4,-2,35563,20404,91,89,92,78,58,10696
199281,University of North Carolina at Pembroke,Pembroke,NC-,1,3,-2,20915,16915,92,90,93,73,43,5578
199218,University of North Carolina Wilmington,Wilmington,NC-,1,4,-2,39920,25855,68,61,72,83,72,15792
200280,University of North Dakota,Grand Forks,ND-,1,4,-2,29205,24764,89,87,91,77,62,5962
136172,University of North Florida,Jacksonville,FL-,1,4,-2,35933,21529,77,75,79,79,67,16004
482680,University of North Georgia,Dahlonega,GA-,1,4,-2,32270,22051,81,81,82,72,36,10380
227216,University of North Texas,Denton,TX-,1,5,-2,35396,25580,81,79,83,79,60,24858
127741,University of Northern Colorado,Greeley,CO-,1,4,-2,40427,27308,91,88,92,69,52,10152
154095,University of Northern Iowa,Cedar Falls,IA-,1,3,-2,32109,21409,86,83,88,81,69,4772
152080,University of Notre Dame,Notre Dame,IN-,2,4,30,78347,78347,15,16,14,98,96,23642
207500,University of Oklahoma-Norman Campus,Norman,OK-,1,5,-2,47097,31293,85,83,86,89,76,17318
209551,University of Oregon,Eugene,OR-,1,5,-2,57327,31284,93,92,95,87,74,31558
215062,University of Pennsylvania,Philadelphia,PA-,2,5,-2,83298,83298,6,6,6,98,96,56332
484613,University of Phoenix-Arizona,Phoenix,AZ-,3,5,-2,,,,,,39,14,
215293,University of Pittsburgh-Pittsburgh Campus,Pittsburgh,PA-,1,5,-2,51432,36400,67,64,69,93,84,34656
243197,University of Puerto Rico-Mayaguez,Mayaguez,PR-,1,4,-2,,,49,54,46,88,47,4755
243221,University of Puerto Rico-Rio Piedras,San Juan,PR-,1,4,-2,,,50,52,50,80,50,5677
217484,University of Rhode Island,Kingston,RI-,1,4,-2,50718,32696,76,72,79,85,70,25105
195030,University of Rochester,Rochester,NY-,2,4,-2,79456,79456,41,37,45,91,86,19543
122436,University of San Diego,San Diego,CA-,2,3,30,73193,73193,53,50,54,92,80,14326
122612,University of San Francisco,San Francisco,CA-,2,4,30,75232,75232,71,67,73,86,76,22372
102094,University of South Alabama,Mobile,AL-,1,4,-2,31224,22968,71,69,72,71,47,11817
218663,University of South Carolina-Columbia,Columbia,SC-,1,5,-2,50389,29149,62,60,62,87,78,42045
218742,University of South Carolina-Upstate,Spartanburg,SC-,1,3,-2,37110,26148,76,72,77,61,47,2893
219471,University of South Dakota,Vermillion,SD-,1,3,-2,27367,23857,87,86,88,77,60,4272
137351,University of South Florida,Tampa,FL-,1,5,-2,35092,24178,49,50,49,90,75,50352
123961,University of Southern California,Los Angeles,CA-,2,5,-2,81659,81659,13,14,12,96,92,71031
151306,University of Southern Indiana,Evansville,IN-,1,3,-2,34484,22696,96,95,97,69,50,3867
161554,University of Southern Maine,Portland,ME-,1,3,-2,37842,23842,87,83,89,65,34,5397
176372,University of Southern Mississippi,Hattiesburg,MS-,1,4,-2,27280,25280,96,94,97,70,52,9314
174914,University of St Thomas,Saint Paul,MN-,2,3,30,63650,63650,76,72,79,85,78,8654
367954,University of St. Augustine for Health Sciences,San Marcos,CA-,3,3,-2,,,,,,,,
156541,University of the Cumberlands,Williamsburg,KY-,2,4,54,24884,24884,85,82,87,67,48,2177
225627,University of the Incarnate Word,San Antonio,TX-,2,3,30,50812,50812,94,92,95,73,58,8999
120883,University of the Pacific,Stockton,CA-,2,3,-2,70526,70526,79,76,81,84,69,10901
488846,University of the People,Pasadena,CA-,2,5,-2,,,,,,66,23,
206084,University of Toledo,Toledo,OH-,1,4,-2,38867,29507,97,96,97,74,55,9893
230764,University of Utah,Salt Lake City,UT-,1,5,-2,43715,24263,95,94,96,87,67,18302
231174,University of Vermont,Burlington,VT-,1,4,-2,60542,35654,64,56,68,89,77,25559
234076,University of Virginia-Main Campus,Charlottesville,VA-,1,5,-2,70696,36314,21,20,21,97,94,47971
377555,University of Washington-Bothell Campus,Bothell,WA-,1,3,-2,58707,30877,83,82,84,88,66,4423
236948,University of Washington-Seattle Campus,Seattle,WA-,1,5,-2,58470,30640,53,46,59,93,84,48840
377564,University of Washington-Tacoma Campus,Tacoma,WA-,1,3,-2,57480,29650,83,81,84,75,58,2233
101587,University of West Alabama,Livingston,AL-,1,3,-2,32405,23305,74,75,74,63,39,1539
141334,University of West Georgia,Carrollton,GA-,1,4,-2,37758,26703,70,63,74,69,42,6610
240268,University of Wisconsin-Eau Claire,Eau Claire,WI-,1,4,-2,29487,21212,77,74,79,78,68,9420
240277,University of Wisconsin-Green Bay,Green Bay,WI-,1,3,-2,28107,19889,91,89,93,72,55,5486
240329,University of Wisconsin-La Crosse,La Crosse,WI-,1,4,-2,26932,18113,74,68,78,84,73,7067
240444,University of Wisconsin-Madison,Madison,WI-,1,5,-2,55306,27418,60,56,64,95,89,53781
240453,University of Wisconsin-Milwaukee,Milwaukee,WI-,1,5,-2,36479,24614,89,88,90,76,47,14859
240365,University of Wisconsin-Oshkosh,Oshkosh,WI-,1,4,-2,27764,20191,90,87,91,69,55,8524
240462,University of Wisconsin-Platteville,Platteville,WI-,1,3,-2,29413,20774,88,88,87,76,59,5156
240471,University of Wisconsin-River Falls,River Falls,WI-,1,3,-2,26469,18896,86,83,88,72,57,3933
240480,University of Wisconsin-Stevens Point,Stevens Point,WI-,1,3,-2,28017,19313,90,88,91,75,55,8100
240417,University of Wisconsin-Stout,Menomonie,WI-,1,3,-2,29040,20773,91,91,91,68,56,4890
240189,University of Wisconsin-Whitewater,Whitewater,WI-,1,4,-2,28092,19220,83,82,84,75,63,8930
240727,University of Wyoming,Laramie,WY-,1,4,-2,36355,21805,97,96,98,76,60,5645
230728,Utah State University,Logan,UT-,1,5,-2,37064,21944,93,92,93,74,56,15567
230737,Utah Valley University,Orem,UT-,1,5,-2,,,,,,66,38,
141264,Valdosta State University,Valdosta,GA-,1,4,-2,32850,21795,76,73,78,56,41,8650
138187,Valencia College,Orlando,FL-,1,5,-2,,,,,,,46,
221999,Vanderbilt University,Nashville,TN-,2,4,-2,79538,79538,7,8,7,97,93,47152
216597,Villanova University,Villanova,PA-,2,4,30,77806,77806,25,27,24,96,91,24410
152637,Vincennes University,Vincennes,IN-,1,4,-2,30649,21845,,,,42,30,
234030,Virginia Commonwealth University,Richmond,VA-,1,5,-2,55446,34108,93,90,94,84,68,17579
233921,Virginia Polytechnic Institute and State University,Blacksburg,VA-,1,5,-2,48317,28634,56,53,60,92,87,42054
199847,Wake Forest University,Winston-Salem,NC-,2,3,-2,79886,79886,25,24,26,94,90,15156
125231,Walden University,Minneapolis,MN-,3,5,-2,,,,,,25,,
156082,Washburn University,Topeka,KS-,1,3,-2,34021,23017,,,,66,51,
236939,Washington State University,Pullman,WA-,1,5,-2,44083,28767,86,84,87,81,60,18197
179867,Washington University in St Louis,Saint Louis,MO-,2,4,-2,81620,81620,13,14,13,96,93,33634
172644,Wayne State University,Detroit,MI-,1,5,-2,46465,30495,63,64,63,81,56,15181
229799,Weatherford College,Weatherford,TX-,1,3,-2,19795,17695,,,,,19,
230782,Weber State University,Ogden,UT-,1,5,-2,32108,21692,,,,65,41,
179894,Webster University,Saint Louis,MO-,2,3,-2,46632,46632,59,61,58,77,57,2429
216764,West Chester University of Pennsylvania,West Chester,PA-,1,4,-2,40243,28419,89,85,92,85,73,14020
125471,West Los Angeles College,Culver City,CA-,1,3,-2,,,,,,,26,
229814,West Texas A & M University,Canyon,TX-,1,3,-2,26212,24206,97,96,98,58,46,5743
238032,West Virginia University,Morgantown,WV-,1,5,-2,40468,24124,90,88,91,81,64,17074
200004,Western Carolina University,Cullowhee,NC-,1,4,-2,23018,19018,79,79,80,75,61,12308
433387,Western Governors University,Salt Lake City,UT-,2,5,-2,,,,,,63,64,
149772,Western Illinois University,Macomb,IL-,1,3,-2,27400,27400,72,67,76,72,51,7156
157951,Western Kentucky University,Bowling Green,KY-,1,4,-2,40823,24815,98,97,99,73,54,7255
172699,Western Michigan University,Kalamazoo,MI-,1,4,-2,31281,27947,83,81,84,77,56,18853
237011,Western Washington University,Bellingham,WA-,1,4,-2,43861,26634,96,96,96,81,68,10580
168263,Westfield State University,Westfield,MA-,1,3,-2,33058,26978,94,91,97,75,61,3629
156125,Wichita State University,Wichita,KS-,1,4,-2,35425,26060,91,92,90,69,48,7291
216852,Widener University,Chester,PA-,2,3,-2,67628,67628,85,81,88,85,68,5719
216931,Wilkes University,Wilkes-Barre,PA-,2,3,-2,60405,60405,95,94,96,75,61,4019
231624,William & Mary,Williamsburg,VA-,1,3,-2,63850,40624,37,42,33,93,91,17475
176479,William Carey University,Hattiesburg,MS-,2,3,54,29317,29317,57,64,54,87,60,470
187444,William Paterson University of New Jersey,Wayne,NJ-,1,3,-2,39819,31081,83,80,85,67,56,9171
131113,Wilmington University,New Castle,DE-,2,4,-2,,,,,,59,23,
175272,Winona State University,Winona,MN-,1,3,-2,29494,22994,77,72,79,75,63,5335
199999,Winston-Salem State University,Winston-Salem,NC-,1,3,-2,33259,22603,81,74,84,76,46,5419
218964,Winthrop University,Rock Hill,SC-,1,3,-2,44836,30506,64,65,64,68,58,5582
168421,Worcester Polytechnic Institute,Worcester,MA-,2,3,-2,74271,74271,60,54,77,94,87,11092
168430,Worcester State University,Worcester,MA-,1,3,-2,32302,26222,89,89,90,73,61,3446
206604,Wright State University-Main Campus,Dayton,OH-,1,4,-2,36378,26960,96,95,97,65,44,6338
206622,Xavier University,Cincinnati,OH-,2,3,30,60540,60540,84,84,84,83,75,15199
130794,Yale University,New Haven,CT-,2,4,-2,82170,82170,5,6,5,98,97,47240
197708,Yeshiva University,New York,NY-,2,3,-2,67150,67150,63,64,61,91,80,1410
206695,Youngstown State University,Youngstown,OH-,1,4,-2,24672,24312,78,77,79,75,47,6718
